{
  "project_info": {
    "project_number": "144848401433",
    "firebase_url": "https://health-tracker-23d01-default-rtdb.asia-southeast1.firebasedatabase.app",
    "project_id": "health-tracker-23d01",
    "storage_bucket": "health-tracker-23d01.appspot.com"
  },
  "client": [
    {
      "client_info": {
        "mobilesdk_app_id": "1:144848401433:android:d4dbcd53e252faaa522688",
        "android_client_info": {
          "package_name": "com.example.healthtracker"
        }
      },
      "oauth_client": [
        {
          "client_id": "144848401433-euljfojlar91davvrpgh649plf51449l.apps.googleusercontent.com",
          "client_type": 1,
          "android_info": {
            "package_name": "com.example.healthtracker",
            "certificate_hash": "946037817a229a32649b677f0666b2cbed32da93"
          }
        },
        {
          "client_id": "144848401433-h9ljubru7ade1kj8tlc5ln7gm5hv4hl8.apps.googleusercontent.com",
          "client_type": 3
        }
      ],
      "api_key": [
        {
          "current_key": "AIzaSyAe5X2TKpGQhxU8vLCltHSWvHsotOHPLCA"
        }
      ],
      "services": {
        "appinvite_service": {
          "other_platform_oauth_client": [
            {
              "client_id": "144848401433-h9ljubru7ade1kj8tlc5ln7gm5hv4hl8.apps.googleusercontent.com",
              "client_type": 3
            }
          ]
        }
      }
    }
  ],
  "configuration_version": "1"
}